paper_id,claim,gold_code,gold_theme,claude_code,claude_correct,deepseek_code,deepseek_correct,openai_code,openai_correct
C1000,CI IMPROVES THE DEVELOPER'S CONFIDENCE TO PERFORM THE REQUIRED CODE CHANGES.,CI IS ASSOCIATED WITH CONFIDENCE IMPROVEMENT,DEVELOPMENT ACTIVITIES,CI IS ASSOCIATED WITH CONFIDENCE IMPROVEMENT,Y,CI IS ASSOCIATED WITH CONFIDENCE IMPROVEMENT,Y,CI IS ASSOCIATED WITH CONFIDENCE IMPROVEMENT,Y
C1001,CI IS ASSOCIATED TO A FALSE SENSE OF CONFIDENCE (AS A SITUATION WHERE DEVELOPERS BLINDLY TRUST THE TESTS).,CI MAY GENERATE A FALSE SENSE OF CONFIDENCE,DEVELOPMENT ACTIVITIES,CI MAY GENERATE A FALSE SENSE OF CONFIDENCE,Y,CI MAY GENERATE A FALSE SENSE OF CONFIDENCE,Y,CI MAY GENERATE A FALSE SENSE OF CONFIDENCE,Y
C1002,CI REQUIRES ADDITIONAL EFFORT,CI IS ASSOCIATED WITH ADDING EXTRA COMPLEXITY,DEVELOPMENT ACTIVITIES,CI IS ASSOCIATED WITH ADDING EXTRA COMPLEXITY,Y,CI IS ASSOCIATED WITH ADDING EXTRA COMPLEXITY,Y,CI IS ASSOCIATED WITH ADDING EXTRA COMPLEXITY,Y
C1003,CI IMPLY MONETARY COSTS,CI IS ASSOCIATED WITH ADDING EXTRA COMPLEXITY,DEVELOPMENT ACTIVITIES,CI IS ASSOCIATED WITH ADDING EXTRA COMPLEXITY,Y,CI IS ASSOCIATED WITH TECHNICAL CHALLENGES,N,__INVALID__,N
C1004,"CI MAY BE CHALLENGING BY FLAKY TESTS (EG, “TESTS CAN SOMETIMES BE FLAKY, WHICH IS FRUSTRATING ”)",CI MAY GENERATE A FALSE SENSE OF CONFIDENCE,DEVELOPMENT ACTIVITIES,CI IS ASSOCIATED WITH TECHNICAL CHALLENGES,N,CI IS ASSOCIATED WITH TECHNICAL CHALLENGES,N,CI IS ASSOCIATED WITH HUMAN CHALLENGES,N
C1005,CD DECREASES THE DEFECT REPORT,CI IS ASSOCIATED WITH DEFECTS REDUCTION,ISSUES AND DEFECTS,CI IS ASSOCIATED WITH DEFECTS REDUCTION,Y,CI IS ASSOCIATED WITH DEFECTS REDUCTION,Y,CI IS ASSOCIATED WITH DEFECTS REDUCTION,Y
C1007,CI BROUGHT INCREASED VISIBILITY ENABLING GREATER COMMUNICATION AMONG THE RELEVANT STAKEHOLDERS.,CI IS ASSOCIATED WITH AN INCREASE IN COOPERATION,SOFTWARE PROCESS,CI IS ASSOCIATED WITH AN INCREASE IN COOPERATION,Y,CI IS ASSOCIATED WITH AN INCREASE IN COOPERATION,Y,CI IS ASSOCIATED WITH AN INCREASE IN COOPERATION,Y
C1008,CI MAKES CAUGHT ISSUES EARLIER EVEN IN UNIT AND CSCI LEVEL TESTS,CI IS ASSOCIATED WITH A DECREASE IN TIME TO LEAD DEFECTS,ISSUES AND DEFECTS,CI IS RELATED TO POSITIVE IMPACTS ON TEST PRACTICE,N,CI IS ASSOCIATED WITH ISSUES REDUCTION,N,CI IS ASSOCIATED WITH ISSUES REDUCTION,N
C1010,CI BUILT A SOLID FOUNDATION FOR QUANTITATIVE EVALUATION OF SOFTWARE PROGRESS,CI IS ASSOCIATED WITH AN IMPROVEMENT IN PROCESS RELIABILITY,SOFTWARE PROCESS,CI IS ASSOCIATED WITH AN IMPROVEMENT IN PROCESS RELIABILITY,Y,CI IS ASSOCIATED WITH SOFTWARE DEVELOPMENT BENEFITS,N,__INVALID__,N
C1012,CI PROVIDED DETAILED INSIGHT FROM MANAGEMENT PERSPECTIVE,CI IS ASSOCIATED WITH AN IMPROVEMENT IN PROCESS RELIABILITY,SOFTWARE PROCESS,CI IS ASSOCIATED WITH A FEED BACK FREQUENCY INCREASE,N,CI IS ASSOCIATED WITH SOFTWARE DEVELOPMENT BENEFITS,N,__INVALID__,N
C1013,CI INCREASED SOFTWARE QUALITY,CI IS RELATED TO AN INCREASE QUALITY ASSESSMENT,QUALITY ASSURANCE,CI IS ASSOCIATED WITH SOFTWARE DEVELOPMENT BENEFITS,N,CI IS RELATED TO AN INCREASE QUALITY ASSESSMENT,Y,__INVALID__,N
C1014,CI DECREASED TEAM WORKLOAD FOR PAPERWORK,CI IS ASSOCIATED WITH A WORKLOAD REDUCTION,DEVELOPMENT ACTIVITIES,CI IS ASSOCIATED WITH A WORKLOAD REDUCTION,Y,CI IS ASSOCIATED WITH A WORKLOAD REDUCTION,Y,CI IS ASSOCIATED WITH A WORKLOAD REDUCTION,Y
C1015,"CI BASED PROCESS AUTOMATION LETS THE TEST AND QA ENGINEERS TO BE INVOLVED IN THE DEVELOPMENT, CONTINUOUSLY",CI IS ASSOCIATED WITH AN INCREASE IN COOPERATION,SOFTWARE PROCESS,CI IS ASSOCIATED WITH AN IMPROVEMENT IN PROCESS AUTOMATION,N,CI IS ASSOCIATED WITH AN IMPROVEMENT IN PROCESS AUTOMATION,N,CI IS ASSOCIATED WITH AN IMPROVEMENT IN PROCESS AUTOMATION,N
C891,CI BRING CHALLENGES WHEN IMPLEMENTING IN PRACTICE,CI IS ASSOCIATED WITH TECHNICAL CHALLENGES,SOFTWARE PROCESS,CI IS ASSOCIATED WITH TECHNICAL CHALLENGES,Y,CI IS ASSOCIATED WITH TECHNICAL CHALLENGES,Y,CI IS ASSOCIATED WITH HUMAN CHALLENGES,N
C892,CI INCREASES NORMALIZED COMMIT FREQUENCY [FOR OSS PROJECTS],CI IS ASSOCIATED WITH A COMMIT PATTERN CHANGE,INTEGRATION PATTERNS,CI IS ASSOCIATED WITH A COMMIT PATTERN CHANGE,Y,CI IS ASSOCIATED WITH A COMMIT PATTERN CHANGE,Y,__INVALID__,N
C893,CI INCREASES COMMIT SIZE [FOR OSS PROJECTS],CI IS ASSOCIATED WITH A COMMIT PATTERN CHANGE,INTEGRATION PATTERNS,CI IS ASSOCIATED WITH A COMMIT PATTERN CHANGE,Y,CI IS ASSOCIATED WITH A COMMIT PATTERN CHANGE,Y,__INVALID__,N
C894,"THE MORE CONTINUOUS INTEGRATION IS PRESENT WITHIN THE SYSTEMS DEVELOPMENT PROCESS, THE GREATER THE STAKEHOLDER SATISFACTION",CI IS ASSOCIATED WITH AN IMPROVEMENT IN SATISFACTION,DEVELOPMENT ACTIVITIES,CI IS ASSOCIATED WITH AN IMPROVEMENT IN SATISFACTION,Y,CI IS ASSOCIATED WITH AN IMPROVEMENT IN SATISFACTION,Y,CI IS ASSOCIATED WITH AN IMPROVEMENT IN SATISFACTION,Y
C895,CI USAGE IS ASSOCIATED WITH HIGH CLASS TEST COVERAGE,CI IS RELATED TO POSITIVE IMPACTS ON TEST PRACTICE,QUALITY ASSURANCE,CI IS RELATED TO POSITIVE IMPACTS ON TEST PRACTICE,Y,CI IS RELATED TO POSITIVE IMPACTS ON TEST PRACTICE,Y,__INVALID__,N
C896,LACK OF SUPPORT FOR NEEDED TECHNOLOGY IS ASSOCIATED WITH AN INCREASE RISK OF ABANDONING,CI IS ASSOCIATED WITH TECHNICAL CHALLENGES,SOFTWARE PROCESS,CI IS ASSOCIATED WITH TECHNICAL CHALLENGES,Y,CI IS ASSOCIATED WITH TECHNICAL CHALLENGES,Y,__INVALID__,N
C897,CI REDUCES THE CHECKIN OVERHEAD,CI IS ASSOCIATED WITH A WORKLOAD REDUCTION,DEVELOPMENT ACTIVITIES,CI IS ASSOCIATED WITH A WORKLOAD REDUCTION,Y,CI IS RELATED TO PRODUCTIVITY AND EFFICIENCY INCREASING,N,__INVALID__,N
C898,"THE STUDY ALSO INDICATES THAT CI IS ASSOCIATED WITH ADDING EXTRA COMPLEXITY, AS IN MANY PULL REQUESTS DEVELOPERS HAVE TO SOLVE NON-TRIVIAL CI CONFIGURATION ISSUES.",CI IS ASSOCIATED WITH ADDING EXTRA COMPLEXITY,DEVELOPMENT ACTIVITIES,CI IS ASSOCIATED WITH ADDING EXTRA COMPLEXITY,Y,CI IS ASSOCIATED WITH ADDING EXTRA COMPLEXITY,Y,CI IS ASSOCIATED WITH ADDING EXTRA COMPLEXITY,Y
C899,CI INCREASES NORMALIZED COLLABORATION AMOUNT BETWEEN PROGRAMMERS [OSS AND PROPRIETARY PROJECTS],CI IS ASSOCIATED WITH AN INCREASE IN COOPERATION,SOFTWARE PROCESS,CI IS ASSOCIATED WITH AN INCREASE IN COOPERATION,Y,CI IS ASSOCIATED WITH AN INCREASE IN COOPERATION,Y,CI IS ASSOCIATED WITH AN INCREASE IN COOPERATION,Y
C901,CI INCREASES NORMALIZED BUGS RESOLVED [OSS PROJECTS],CI IS ASSOCIATED WITH DEFECTS REDUCTION,ISSUES AND DEFECTS,CI IS ASSOCIATED WITH DEFECTS REDUCTION,Y,CI IS ASSOCIATED WITH DEFECTS REDUCTION,Y,CI IS ASSOCIATED WITH DEFECTS REDUCTION,Y
C903,CI ENCOURAGES DEVELOPERS TO GIVE VERY HIGH PRIORITY TO FIX BUILD BREAKAGES.,CI IS ASSOCIATED WITH BUILD HEALTH,BUILD PATTERNS,CI IS ASSOCIATED WITH A POSITIVE IMPACT ON INTEGRATION PRACTICE,N,CI IS ASSOCIATED WITH BUILD HEALTH,Y,__INVALID__,N
C904,CD INCREASES THE THROUGHPUT PER  DEVELOPER,CI IS RELATED TO PRODUCTIVITY AND EFFICIENCY INCREASING,DEVELOPMENT ACTIVITIES,CI IS RELATED TO PRODUCTIVITY AND EFFICIENCY INCREASING,Y,CI IS RELATED TO PRODUCTIVITY AND EFFICIENCY INCREASING,Y,CI IS RELATED TO PRODUCTIVITY AND EFFICIENCY INCREASING,Y
C905,DUVALL’S SEVEN CORNER STONES OF CONTINUOUS INTEGRATION IS DIFFICULT TO BE APPLIED FOR EMBEDDED SYSTEMS,CI IS ASSOCIATED WITH TECHNICAL CHALLENGES,SOFTWARE PROCESS,CI IS ASSOCIATED WITH TECHNICAL CHALLENGES,Y,CI IS ASSOCIATED WITH TECHNICAL CHALLENGES,Y,CI IS ASSOCIATED WITH TECHNICAL CHALLENGES,Y
C906,CONTINUOUS INTEGRATION INCREASES DEVELOPMENT EFFICIENCY,CI IS RELATED TO PRODUCTIVITY AND EFFICIENCY INCREASING,DEVELOPMENT ACTIVITIES,CI IS RELATED TO PRODUCTIVITY AND EFFICIENCY INCREASING,Y,CI IS RELATED TO PRODUCTIVITY AND EFFICIENCY INCREASING,Y,CI IS RELATED TO PRODUCTIVITY AND EFFICIENCY INCREASING,Y
C907,CONTINUOUS INTEGRATION INCREASES THE CONFIDENCE ABOUT THE QUALITY.,CI IS ASSOCIATED WITH CONFIDENCE IMPROVEMENT,DEVELOPMENT ACTIVITIES,CI IS ASSOCIATED WITH CONFIDENCE IMPROVEMENT,Y,CI IS ASSOCIATED WITH CONFIDENCE IMPROVEMENT,Y,CI IS ASSOCIATED WITH CONFIDENCE IMPROVEMENT,Y
C908,CI -> BENEFITS SOFTWARE DEVELOPMENT OF LARGE-SCALE SYSTEMS,CI IS ASSOCIATED WITH SOFTWARE DEVELOPMENT BENEFITS,SOFTWARE PROCESS,CI IS ASSOCIATED WITH SOFTWARE DEVELOPMENT BENEFITS,Y,CI IS ASSOCIATED WITH SOFTWARE DEVELOPMENT BENEFITS,Y,__INVALID__,N
C909,CI IS THE RIGHT CONTEXT FOR MAKING CONTINUOUS REFACTORING POSSIBLE TO APPLY.( CONTINUOUS REFACTORING SHOULD BE INCLUDED AMONG THE PATTERNS TO FOLLOW IN ORDER TO FULLY BENEFIT FROM THE ADOPTION OF CI. ),CI IS ASSOCIATED WITH TO FAVOR CONTINUOUS REFACTORING,QUALITY ASSURANCE,__INVALID__,N,CI IS ASSOCIATED WITH TO FAVOR CONTINUOUS REFACTORING,Y,__INVALID__,N
C910,CI -> DEVELOPERS TEND TO ASSESS CODE QUALITY CONTINUOUSLY,CI IS RELATED TO AN INCREASE QUALITY ASSESSMENT,QUALITY ASSURANCE,CI IS RELATED TO AN INCREASE QUALITY ASSESSMENT,Y,CI IS RELATED TO AN INCREASE QUALITY ASSESSMENT,Y,CI IS RELATED TO AN INCREASE QUALITY ASSESSMENT,Y
C911,CONTINUOUS INTEGRATION ENABLES STEPWISE TRANSITION FROM WATERFALL TO AGILE,CI FACILITATES THE TRANSITION TO AGILE,SOFTWARE PROCESS,CI FACILITATES THE TRANSITION TO AGILE,Y,CI FACILITATES THE TRANSITION TO AGILE,Y,CI FACILITATES THE TRANSITION TO AGILE,Y
C912,THE INTEGRATION TOOL-CHAIN ENABLED SHORTER FEEDBACK CYCLES,CI IS ASSOCIATED WITH A FEED BACK FREQUENCY INCREASE,SOFTWARE PROCESS,CI IS ASSOCIATED WITH A FEED BACK FREQUENCY INCREASE,Y,CI IS ASSOCIATED WITH A FEED BACK FREQUENCY INCREASE,Y,CI IS RELATED TO POSITIVE IMPACTS ON RELEASE CYCLE,N
C913,"WHEN EVERYTHING IS A MOVING TARGET, CONTINUOUS INTEGRATION CAN PROVIDE STABLE GROUND",CI IS ASSOCIATED WITH AN IMPROVEMENT IN PROCESS RELIABILITY,SOFTWARE PROCESS,CI IS ASSOCIATED WITH AN IMPROVEMENT IN PROCESS RELIABILITY,Y,CI IS ASSOCIATED WITH AN IMPROVEMENT IN PROCESS RELIABILITY,Y,__INVALID__,N
C914,"CI IS A DOMINANT FACTOR OF PULL-REQUEST ACCEPTANCE AND LATENCY. (THE PULL-REQUESTS WITH CI FAILURES HAVE ABOUT 89.6% GREATER ODDS OF BEING REJECTED EVENTUALLY.; FOR PULL-REQUEST LATENCY, THE CI RUNNING TIME IS HIGHLY SIGNIFICANT AND COVERS MORE THAN 21% OF THE VARIANCE EXPLAINED.)",CI IS RELATED TO POSITIVE IMPACTS ON PULL REQUESTS LIFE-CYCLE,INTEGRATION PATTERNS,CI IS RELATED TO POSITIVE IMPACTS ON PULL REQUESTS LIFE-CYCLE,Y,CI IS RELATED TO POSITIVE IMPACTS ON PULL REQUESTS LIFE-CYCLE,Y,CI IS RELATED TO POSITIVE IMPACTS ON PULL REQUESTS LIFE-CYCLE,Y
C915,CI INCREASES THE PROPORTION OF SUCCESSFUL BUILDS,CI IS ASSOCIATED WITH BUILD HEALTH,BUILD PATTERNS,CI IS ASSOCIATED WITH BUILD HEALTH,Y,CI IS ASSOCIATED WITH BUILD HEALTH,Y,CI IS ASSOCIATED WITH BUILD HEALTH,Y
C916,CI IMPROVES THE CAPACITY TO RELEASE CLEAN CODE (CLEAN RELEASE BUILDS),CI IS ASSOCIATED WITH BUILD HEALTH,BUILD PATTERNS,CI IS RELATED TO POSITIVE IMPACTS ON RELEASE CYCLE,N,CI IS RELATED TO POSITIVE IMPACTS ON RELEASE CYCLE,N,__INVALID__,N
C917,TDD AND CI REDUCES THE DEFECTS COMPARING WITH NO CI,CI IS ASSOCIATED WITH DEFECTS REDUCTION,ISSUES AND DEFECTS,CI IS ASSOCIATED WITH DEFECTS REDUCTION,Y,CI IS ASSOCIATED WITH DEFECTS REDUCTION,Y,CI IS ASSOCIATED WITH DEFECTS REDUCTION,Y
C918,TDD AND CI HELPED IN REDUCING THE TIME TO FIND AND FIX THE DEFECTS,CI IS ASSOCIATED WITH A DECREASE IN TIME TO LEAD DEFECTS,ISSUES AND DEFECTS,CI IS ASSOCIATED WITH A DECREASE IN TIME TO LEAD DEFECTS,Y,CI IS ASSOCIATED WITH A DECREASE IN TIME TO LEAD DEFECTS,Y,CI IS ASSOCIATED WITH A DECREASE IN TIME TO LEAD DEFECTS,Y
C919,CI -> IMPROVES COMMUNICATION INTRA-TEAM,CI IS ASSOCIATED WITH AN INCREASE IN COOPERATION,SOFTWARE PROCESS,CI IS ASSOCIATED WITH AN INCREASE IN COOPERATION,Y,CI IS ASSOCIATED WITH AN INCREASE IN COOPERATION,Y,__INVALID__,N
C920,CI -> IMPROVES COMMUNICATION INTER-TEAM,CI IS ASSOCIATED WITH AN INCREASE IN COOPERATION,SOFTWARE PROCESS,CI IS ASSOCIATED WITH AN INCREASE IN COOPERATION,Y,CI IS ASSOCIATED WITH AN INCREASE IN COOPERATION,Y,__INVALID__,N
C921,CI -> IMPROVES PROJECT PREDICTABILITY,CI IS ASSOCIATED WITH AN IMPROVEMENT IN PROCESS RELIABILITY,SOFTWARE PROCESS,CI IS ASSOCIATED WITH AN IMPROVEMENT IN PROCESS RELIABILITY,Y,CI IS ASSOCIATED WITH AN IMPROVEMENT IN PROCESS RELIABILITY,Y,__INVALID__,N
C922,CI CONTRIBUTES   TO   INCREASED   DEVELOPER   PRODUCTIVITY (AS   AN  EFFECT  OF FACILITATING PARALLEL  DEVELOPMENT IN THE SAME  SOURCE   CONTEXT),CI IS RELATED TO PRODUCTIVITY AND EFFICIENCY INCREASING,DEVELOPMENT ACTIVITIES,CI IS RELATED TO PRODUCTIVITY AND EFFICIENCY INCREASING,Y,CI IS RELATED TO PRODUCTIVITY AND EFFICIENCY INCREASING,Y,CI IS RELATED TO PRODUCTIVITY AND EFFICIENCY INCREASING,Y
C923,CI IS CORRELATED TO THE PRESENCE OF TEST PRACTICE,CI IS RELATED TO POSITIVE IMPACTS ON TEST PRACTICE,QUALITY ASSURANCE,CI IS RELATED TO POSITIVE IMPACTS ON TEST PRACTICE,Y,CI IS RELATED TO POSITIVE IMPACTS ON TEST PRACTICE,Y,CI IS RELATED TO POSITIVE IMPACTS ON TEST PRACTICE,Y
C924,CI HELPS TO CATCH PROBLEMS AS EARLY AS POSSIBLE,CI IS RELATED TO AN INCREASE QUALITY ASSESSMENT,QUALITY ASSURANCE,CI IS ASSOCIATED WITH A DECREASE IN TIME TO LEAD DEFECTS,N,CI IS ASSOCIATED WITH DEFECTS REDUCTION,N,__INVALID__,N
C925,CI IMPROVES QUALITY,CI IS RELATED TO AN INCREASE QUALITY ASSESSMENT,QUALITY ASSURANCE,CI IS RELATED TO AN INCREASE QUALITY ASSESSMENT,Y,CI IS RELATED TO AN INCREASE QUALITY ASSESSMENT,Y,__INVALID__,N
C926,CI IMPROVES THE FAST DEVELOPMENT CYCLE,CI IS RELATED TO POSITIVE IMPACTS ON RELEASE CYCLE,SOFTWARE PROCESS,CI IS RELATED TO POSITIVE IMPACTS ON RELEASE CYCLE,Y,CI IS RELATED TO POSITIVE IMPACTS ON RELEASE CYCLE,Y,__INVALID__,N
C927,CI ENABLES CROSS-PLATFORM TESTING,CI IS ASSOCIATED TO MULTI-ENVIRONMENT TESTS,QUALITY ASSURANCE,CI IS ASSOCIATED TO MULTI-ENVIRONMENT TESTS,Y,CI IS ASSOCIATED TO MULTI-ENVIRONMENT TESTS,Y,CI IS ASSOCIATED TO MULTI-ENVIRONMENT TESTS,Y
C928,CONTINUOUS INTEGRATION GIVES MORE CONFIDENCE TO PERFORM REQUIRED CODE CHANGES,CI IS ASSOCIATED WITH CONFIDENCE IMPROVEMENT,DEVELOPMENT ACTIVITIES,CI IS ASSOCIATED WITH CONFIDENCE IMPROVEMENT,Y,CI IS ASSOCIATED WITH CONFIDENCE IMPROVEMENT,Y,CI IS ASSOCIATED WITH CONFIDENCE IMPROVEMENT,Y
C930,CI GENERATED TECHNICAL PROBLEMS IS PARTICULARLY CHALLENGING FOR ONBOARDING NEWCOMERS (SINCE THEY “DO NOT UNDERSTAND WHAT CI DOES AND WHAT IT DOESN’T”.),CI IS ASSOCIATED WITH TECHNICAL CHALLENGES,SOFTWARE PROCESS,CI IS ASSOCIATED WITH TECHNICAL CHALLENGES,Y,CI IS ASSOCIATED WITH HUMAN CHALLENGES,N,CI IS ASSOCIATED WITH HUMAN CHALLENGES,N
C931,ANOTHER RECURRING PROBLEM OF CI IS THE FALSE SENSE OF CONFIDENCE,CI MAY GENERATE A FALSE SENSE OF CONFIDENCE,DEVELOPMENT ACTIVITIES,CI MAY GENERATE A FALSE SENSE OF CONFIDENCE,Y,CI MAY GENERATE A FALSE SENSE OF CONFIDENCE,Y,CI MAY GENERATE A FALSE SENSE OF CONFIDENCE,Y
C932,CONTINUOUS INTEGRATION TECHNIQUES REQUIRE DEVELOPERS A CERTAIN LEVEL OF DISCIPLINE,CI IS ASSOCIATED WITH HUMAN CHALLENGES,DEVELOPMENT ACTIVITIES,CI IS ASSOCIATED WITH HUMAN CHALLENGES,Y,CI IS ASSOCIATED WITH HUMAN CHALLENGES,Y,CI IS ASSOCIATED WITH HUMAN CHALLENGES,Y
C933,ADDITIONAL EFFORT WAS ALSO EVIDENCED WHEN APPLY CI,CI IS ASSOCIATED WITH ADDING EXTRA COMPLEXITY,DEVELOPMENT ACTIVITIES,CI IS ASSOCIATED WITH ADDING EXTRA COMPLEXITY,Y,CI IS ASSOCIATED WITH ADDING EXTRA COMPLEXITY,Y,CI IS ASSOCIATED WITH ADDING EXTRA COMPLEXITY,Y
C934,CI IMPROVES AUTOMATION,CI IS ASSOCIATED WITH AN IMPROVEMENT IN PROCESS AUTOMATION,SOFTWARE PROCESS,CI IS ASSOCIATED WITH AN IMPROVEMENT IN PROCESS AUTOMATION,Y,CI IS ASSOCIATED WITH AN IMPROVEMENT IN PROCESS AUTOMATION,Y,CI IS ASSOCIATED WITH AN IMPROVEMENT IN PROCESS AUTOMATION,Y
C936,CI IMPROVES PRODUCTIVITY,CI IS RELATED TO PRODUCTIVITY AND EFFICIENCY INCREASING,DEVELOPMENT ACTIVITIES,CI IS RELATED TO PRODUCTIVITY AND EFFICIENCY INCREASING,Y,CI IS RELATED TO PRODUCTIVITY AND EFFICIENCY INCREASING,Y,CI IS RELATED TO PRODUCTIVITY AND EFFICIENCY INCREASING,Y
C937,CI REDUCES THE TURNAROUND TIME FOR RESOLVING BROKEN BUILDS,CI IS ASSOCIATED WITH A DECREASE IN TIME TO LEAD DEFECTS,ISSUES AND DEFECTS,CI IS ASSOCIATED WITH A DECREASING IN BUILD TIME,N,CI IS ASSOCIATED WITH A DECREASE IN TIME TO LEAD DEFECTS,Y,CI IS ASSOCIATED WITH A DECREASE IN TIME TO LEAD DEFECTS,Y
C938,CI PROMOTES A REGULAR RELEASE CYCLE;THIS ALLOWS US TO GIVE INCREMENTAL VALUE TO THE BUSINESS FREQUENTLY AND PREDICTABLY.,CI IS RELATED TO POSITIVE IMPACTS ON RELEASE CYCLE,SOFTWARE PROCESS,CI IS RELATED TO POSITIVE IMPACTS ON RELEASE CYCLE,Y,CI IS RELATED TO POSITIVE IMPACTS ON RELEASE CYCLE,Y,CI IS RELATED TO POSITIVE IMPACTS ON RELEASE CYCLE,Y
C939,CI IMPROVES CODE QUALITY,CI IS RELATED TO AN INCREASE QUALITY ASSESSMENT,QUALITY ASSURANCE,CI IS RELATED TO AN INCREASE QUALITY ASSESSMENT,Y,CI IS RELATED TO AN INCREASE QUALITY ASSESSMENT,Y,CI IS RELATED TO AN INCREASE QUALITY ASSESSMENT,Y
C940,CI CAN HELP DETECT MERGING ISSUES EARLY AND EASILY,CI IS RELATED TO POSITIVE IMPACTS ON PULL REQUESTS LIFE-CYCLE,INTEGRATION PATTERNS,CI IS RELATED TO POSITIVE IMPACTS ON PULL REQUESTS LIFE-CYCLE,Y,CI IS ASSOCIATED WITH A POSITIVE IMPACT ON INTEGRATION PRACTICE,N,CI IS RELATED TO NEGATIVE IMPACTS ON PULL REQUESTS LIFE-CYCLE,N
C941,CI INCREASES DEVELOPER PRODUCTIVITY (MENTION CONTINUOUS INTEGRATION AND CONTINUOUS DEPLOYMENT AS MAJOR BUILDING BLOCKS OF AN EFFICIENT AUTOMATED LOOP COMPRISING DIFFERENT FULFILLMENT LEVELS),CI IS RELATED TO PRODUCTIVITY AND EFFICIENCY INCREASING,DEVELOPMENT ACTIVITIES,CI IS RELATED TO PRODUCTIVITY AND EFFICIENCY INCREASING,Y,CI IS RELATED TO PRODUCTIVITY AND EFFICIENCY INCREASING,Y,CI IS RELATED TO PRODUCTIVITY AND EFFICIENCY INCREASING,Y
C943,CORE DEVELOPERS IN TEAMS USING CI ARE ABLE TO DISCOVER SIGNIFICANTLY MORE BUGS THAN IN TEAMS NOT USING CI.,CI IS ASSOCIATED WITH DEFECTS REDUCTION,ISSUES AND DEFECTS,CI IS ASSOCIATED WITH DEFECTS REDUCTION,Y,CI IS ASSOCIATED WITH DEFECTS REDUCTION,Y,CI IS ASSOCIATED WITH DEFECTS REDUCTION,Y
C944,ONLY 51.3% OF THE PROJECTS DELIVER MERGED PRS MORE QUICKLY AFTER THE ADOPTION OF CI,CI IS RELATED TO POSITIVE IMPACTS ON PULL REQUESTS LIFE-CYCLE,INTEGRATION PATTERNS,CI IS RELATED TO NEGATIVE IMPACTS ON PULL REQUESTS LIFE-CYCLE,N,CI IS RELATED TO POSITIVE IMPACTS ON PULL REQUESTS LIFE-CYCLE,Y,CI IS RELATED TO NEGATIVE IMPACTS ON PULL REQUESTS LIFE-CYCLE,N
C945,"IN 73% (46/63) OF THE PROJECTS, PRS ARE MERGED FASTER BEFORE ADOPTING CI",CI IS RELATED TO NEGATIVE IMPACTS ON PULL REQUESTS LIFE-CYCLE,INTEGRATION PATTERNS,CI IS RELATED TO NEGATIVE IMPACTS ON PULL REQUESTS LIFE-CYCLE,Y,CI IS RELATED TO NEGATIVE IMPACTS ON PULL REQUESTS LIFE-CYCLE,Y,CI IS RELATED TO NEGATIVE IMPACTS ON PULL REQUESTS LIFE-CYCLE,Y
C946,"SURPRISINGLY, IN 54% OF THE PROJECTS, PRS HAVE A LONGER LIFETIME AFTER ADOPTING CI",CI IS RELATED TO NEGATIVE IMPACTS ON PULL REQUESTS LIFE-CYCLE,INTEGRATION PATTERNS,CI IS RELATED TO NEGATIVE IMPACTS ON PULL REQUESTS LIFE-CYCLE,Y,CI IS RELATED TO NEGATIVE IMPACTS ON PULL REQUESTS LIFE-CYCLE,Y,CI IS RELATED TO NEGATIVE IMPACTS ON PULL REQUESTS LIFE-CYCLE,Y
C947,71.3% (62/87) OF THE PROJECTS INCREASE PR SUBMISSIONS AFTER ADOPTING CI.,CI IS RELATED TO POSITIVE IMPACTS ON PULL REQUESTS LIFE-CYCLE,INTEGRATION PATTERNS,CI IS ASSOCIATED WITH A COMMIT PATTERN CHANGE,N,CI IS RELATED TO POSITIVE IMPACTS ON PULL REQUESTS LIFE-CYCLE,Y,CI IS RELATED TO POSITIVE IMPACTS ON PULL REQUESTS LIFE-CYCLE,Y
C948,AFTER ADOPTING CI PROJECTS DELIVER 3.43 TIMES MORE PRS PER RELEASE THAN BEFORE CI,CI IS RELATED TO POSITIVE IMPACTS ON PULL REQUESTS LIFE-CYCLE,INTEGRATION PATTERNS,CI IS RELATED TO POSITIVE IMPACTS ON RELEASE CYCLE,N,CI IS RELATED TO POSITIVE IMPACTS ON RELEASE CYCLE,N,CI IS RELATED TO PRODUCTIVITY AND EFFICIENCY INCREASING,N
C949,WE FIND THAT 75.9% (66/87) OF THE STUDIED PROJECTS TEND TO INCREASE THE NUMBER OF PR CONTRIBUTORS PER RELEASE AFTER ADOPTING CI.,CI IS ASSOCIATED WITH AN INCREASE IN COOPERATION,SOFTWARE PROCESS,CI IS ASSOCIATED WITH AN INCREASE IN COOPERATION,Y,CI IS RELATED TO POSITIVE IMPACTS ON PULL REQUESTS LIFE-CYCLE,N,CI IS ASSOCIATED WITH AN INCREASE IN COOPERATION,Y
C950,CI IS RELATED TO SMALL MERGE COMMITS,CI IS ASSOCIATED WITH A COMMIT PATTERN CHANGE,INTEGRATION PATTERNS,CI IS ASSOCIATED WITH A COMMIT PATTERN CHANGE,Y,CI IS ASSOCIATED WITH A COMMIT PATTERN CHANGE,Y,__INVALID__,N
C951,CI IS RELATED TO AN INCREASE OF MERGE COMMITS,CI IS ASSOCIATED WITH A COMMIT PATTERN CHANGE,INTEGRATION PATTERNS,CI IS ASSOCIATED WITH A COMMIT PATTERN CHANGE,Y,CI IS ASSOCIATED WITH A COMMIT PATTERN CHANGE,Y,CI IS ASSOCIATED WITH A COMMIT PATTERN CHANGE,Y
C952,MORE PRS ARE BEING CLOSED AFTER ADOPTING CI,CI IS RELATED TO POSITIVE IMPACTS ON PULL REQUESTS LIFE-CYCLE,INTEGRATION PATTERNS,CI IS RELATED TO POSITIVE IMPACTS ON PULL REQUESTS LIFE-CYCLE,Y,CI IS RELATED TO POSITIVE IMPACTS ON PULL REQUESTS LIFE-CYCLE,Y,CI IS RELATED TO POSITIVE IMPACTS ON PULL REQUESTS LIFE-CYCLE,Y
C953,"CI IS RELATED TO AN INCREASING TREND IN THE NUMBER OF ISSUES CLOSED PER TIME PERIOD,",CI IS ASSOCIATED WITH ISSUES REDUCTION,ISSUES AND DEFECTS,CI IS ASSOCIATED WITH ISSUES REDUCTION,Y,CI IS ASSOCIATED WITH ISSUES REDUCTION,Y,CI IS ASSOCIATED WITH ISSUES REDUCTION,Y
C954,THE AMOUNT (AND POTENTIALLY THE QUALITY) OF AUTOMATED TESTS SEEMS TO INCREASE,CI IS RELATED TO POSITIVE IMPACTS ON TEST PRACTICE,QUALITY ASSURANCE,CI IS RELATED TO POSITIVE IMPACTS ON TEST PRACTICE,Y,CI IS RELATED TO POSITIVE IMPACTS ON TEST PRACTICE,Y,__INVALID__,N
C955,MAGNETISM AND STICKINESS VALUES TEND TO DROP AFTER TRAVIS CI HAS BEEN ADOPTED,CI IS ASSOCIATED WITH A DECREASE IN MAGNETISM AND RETENTION,DEVELOPMENT ACTIVITIES,CI IS ASSOCIATED WITH A DECREASE IN MAGNETISM AND RETENTION,Y,CI IS ASSOCIATED WITH A DECREASE IN MAGNETISM AND RETENTION,Y,CI IS ASSOCIATED WITH A DECREASE IN MAGNETISM AND RETENTION,Y
C956,THE CI ADOPTION LEADS TO A WORSENING IN THE PERCEIVED TEAM PRODUCTIVITY.,CI IS ASSOCIATED WITH A DECREASED PERCEPTION OF PRODUCTIVITY,DEVELOPMENT ACTIVITIES,CI IS ASSOCIATED WITH A DECREASED PERCEPTION OF PRODUCTIVITY,Y,CI IS ASSOCIATED WITH A DECREASED PERCEPTION OF PRODUCTIVITY,Y,CI IS ASSOCIATED WITH A DECREASED PERCEPTION OF PRODUCTIVITY,Y
C957,THE COGNITIVELY DIFFICULT TASK OF INCONSISTENCY PREDICTION IS ABANDONED,CI IS ASSOCIATED WITH A WORKLOAD REDUCTION,DEVELOPMENT ACTIVITIES,CI IS ASSOCIATED WITH HUMAN CHALLENGES,N,CI IS ASSOCIATED WITH HUMAN CHALLENGES,N,__INVALID__,N
C958,THE COMMUNICATION REQUIRED BY PROACTIVE INCONSISTENCY MITIGATION IS AVOIDED,CI IS ASSOCIATED WITH AN INCREASE IN COOPERATION,SOFTWARE PROCESS,CI IS ASSOCIATED WITH AN INCREASE IN COOPERATION,Y,CI IS ASSOCIATED WITH SOFTWARE DEVELOPMENT BENEFITS,N,CI IS ASSOCIATED WITH HUMAN CHALLENGES,N
C959,CI FORCES MORE TEST EFFORT,CI IS RELATED TO POSITIVE IMPACTS ON TEST PRACTICE,QUALITY ASSURANCE,CI IS ASSOCIATED WITH A WORKLOAD REDUCTION,N,CI IS RELATED TO POSITIVE IMPACTS ON TEST PRACTICE,Y,__INVALID__,N
C960,THE COGNITIVE TRACTABILITY OF THE PROGRAMMING TASK IS INCREASED BY THE SINGLE-PROGRAMMER ASSUMPTION.,CI IS ASSOCIATED WITH CONFIDENCE IMPROVEMENT,DEVELOPMENT ACTIVITIES,CI IS ASSOCIATED WITH HUMAN CHALLENGES,N,CI IS ASSOCIATED WITH CONFIDENCE IMPROVEMENT,Y,__INVALID__,N
C961,CI HELPS CATCH BUGS EARLIER,CI IS ASSOCIATED WITH A DECREASE IN TIME TO LEAD DEFECTS,ISSUES AND DEFECTS,CI IS ASSOCIATED WITH DEFECTS REDUCTION,N,CI IS ASSOCIATED WITH DEFECTS REDUCTION,N,CI IS ASSOCIATED WITH DEFECTS REDUCTION,N
C962,CI -> LESS WORRY ABOUT BREAKING THE BUILD,CI IS ASSOCIATED WITH CONFIDENCE IMPROVEMENT,DEVELOPMENT ACTIVITIES,CI IS ASSOCIATED WITH CONFIDENCE IMPROVEMENT,Y,CI IS ASSOCIATED WITH CONFIDENCE IMPROVEMENT,Y,CI IS ASSOCIATED WITH CONFIDENCE IMPROVEMENT,Y
C964,CI HELPS PROJECTS DEPLOY MORE OFTEN,CI IS RELATED TO POSITIVE IMPACTS ON RELEASE CYCLE,SOFTWARE PROCESS,CI IS RELATED TO POSITIVE IMPACTS ON RELEASE CYCLE,Y,CI IS RELATED TO POSITIVE IMPACTS ON RELEASE CYCLE,Y,CI IS RELATED TO POSITIVE IMPACTS ON RELEASE CYCLE,Y
C965,CI ALLOWS FASTER ITERATIONS,CI IS RELATED TO POSITIVE IMPACTS ON RELEASE CYCLE,SOFTWARE PROCESS,CI IS RELATED TO PRODUCTIVITY AND EFFICIENCY INCREASING,N,CI IS RELATED TO PRODUCTIVITY AND EFFICIENCY INCREASING,N,__INVALID__,N
C966,CI MAKES INTEGRATION EASIER.,CI IS ASSOCIATED WITH A POSITIVE IMPACT ON INTEGRATION PRACTICE,INTEGRATION PATTERNS,CI IS ASSOCIATED WITH A POSITIVE IMPACT ON INTEGRATION PRACTICE,Y,CI IS ASSOCIATED WITH A POSITIVE IMPACT ON INTEGRATION PRACTICE,Y,CI IS ASSOCIATED WITH A POSITIVE IMPACT ON INTEGRATION PRACTICE,Y
C967,CI ENFORCES A SPECIFIC WORKFLOW,CI IS ASSOCIATED WITH AN IMPROVEMENT IN PROCESS AUTOMATION,SOFTWARE PROCESS,CI IS ASSOCIATED WITH AN IMPROVEMENT IN PROCESS RELIABILITY,N,CI IS ASSOCIATED WITH TECHNICAL CHALLENGES,N,__INVALID__,N
C968,TEST ACROSS ALL PLATFORMS,CI IS ASSOCIATED TO MULTI-ENVIRONMENT TESTS,QUALITY ASSURANCE,CI IS ASSOCIATED TO MULTI-ENVIRONMENT TESTS,Y,CI IS ASSOCIATED TO MULTI-ENVIRONMENT TESTS,Y,CI IS ASSOCIATED TO MULTI-ENVIRONMENT TESTS,Y
C969,PROJECTS WITH CI GIVE MORE VALUE TO AUTOMATED TESTS,CI IS RELATED TO POSITIVE IMPACTS ON TEST PRACTICE,QUALITY ASSURANCE,CI IS RELATED TO POSITIVE IMPACTS ON TEST PRACTICE,Y,CI IS RELATED TO POSITIVE IMPACTS ON TEST PRACTICE,Y,__INVALID__,N
C970,PROJECTS WITH CI HAVE HIGHER QUALITY TESTS,CI IS RELATED TO POSITIVE IMPACTS ON TEST PRACTICE,QUALITY ASSURANCE,CI IS RELATED TO POSITIVE IMPACTS ON TEST PRACTICE,Y,CI IS RELATED TO POSITIVE IMPACTS ON TEST PRACTICE,Y,CI IS RELATED TO AN INCREASE QUALITY ASSESSMENT,N
C971,PROJECTS THAT USE CI HAVE HIGHER CODE QUALITY,CI IS RELATED TO AN INCREASE QUALITY ASSESSMENT,QUALITY ASSURANCE,CI IS RELATED TO AN INCREASE QUALITY ASSESSMENT,Y,CI IS RELATED TO AN INCREASE QUALITY ASSESSMENT,Y,CI IS RELATED TO AN INCREASE QUALITY ASSESSMENT,Y
C972,PROJECTS WITH CI ARE MORE PRODUCTIVE,CI IS RELATED TO PRODUCTIVITY AND EFFICIENCY INCREASING,DEVELOPMENT ACTIVITIES,CI IS RELATED TO PRODUCTIVITY AND EFFICIENCY INCREASING,Y,CI IS RELATED TO PRODUCTIVITY AND EFFICIENCY INCREASING,Y,CI IS RELATED TO PRODUCTIVITY AND EFFICIENCY INCREASING,Y
C973,CONTINUOUS INTEGRATION IS NOT APPLIED DURING CRITICAL PERIODS FOR SOME DOMAIN (FINANCIAL AND E-COMMERCE),CI IS ASSOCIATED WITH ORGANIZATIONAL CHALLENGES,DEVELOPMENT ACTIVITIES,CI IS ASSOCIATED WITH ORGANIZATIONAL CHALLENGES,Y,CI IS ASSOCIATED WITH TECHNICAL CHALLENGES,N,__INVALID__,N
C974,CI HELPS TO CATCH BUGS EARLY,CI IS ASSOCIATED WITH A DECREASE IN TIME TO LEAD DEFECTS,ISSUES AND DEFECTS,CI IS ASSOCIATED WITH DEFECTS REDUCTION,N,CI IS ASSOCIATED WITH DEFECTS REDUCTION,N,CI IS ASSOCIATED WITH DEFECTS REDUCTION,N
C975,MAKES THE TEAM LESS WORRIED ABOUT BREAKING THE BUILD,CI IS ASSOCIATED WITH CONFIDENCE IMPROVEMENT,DEVELOPMENT ACTIVITIES,CI IS ASSOCIATED WITH CONFIDENCE IMPROVEMENT,Y,CI IS ASSOCIATED WITH CONFIDENCE IMPROVEMENT,Y,CI IS ASSOCIATED WITH CONFIDENCE IMPROVEMENT,Y
C976,PROJECTS THAT USE CI RELEASE MORE THAN TWICE AS OFTEN AS THOSE THAT DO NOT USE CI.,CI IS RELATED TO POSITIVE IMPACTS ON RELEASE CYCLE,SOFTWARE PROCESS,CI IS RELATED TO POSITIVE IMPACTS ON RELEASE CYCLE,Y,CI IS RELATED TO POSITIVE IMPACTS ON RELEASE CYCLE,Y,CI IS RELATED TO POSITIVE IMPACTS ON RELEASE CYCLE,Y
C977,"CI BUILD STATUS CAN MAKE INTEGRATING PULL REQUESTS FASTER. WHEN USING CI, THE MEDIAN PULL REQUEST IS ACCEPTED 1.6 HOURS SOONER.",CI IS RELATED TO POSITIVE IMPACTS ON PULL REQUESTS LIFE-CYCLE,INTEGRATION PATTERNS,CI IS RELATED TO POSITIVE IMPACTS ON PULL REQUESTS LIFE-CYCLE,Y,CI IS RELATED TO POSITIVE IMPACTS ON PULL REQUESTS LIFE-CYCLE,Y,CI IS RELATED TO POSITIVE IMPACTS ON PULL REQUESTS LIFE-CYCLE,Y
C978,"CI ALLOWS RUNNING THE TESTS IN THE CLOUD, FREEING UP PERSONAL MACHINES",CI IS RELATED TO POSITIVE IMPACTS ON TEST PRACTICE,QUALITY ASSURANCE,CI IS ASSOCIATED WITH AN IMPROVEMENT IN PROCESS AUTOMATION,N,CI IS ASSOCIATED WITH AN IMPROVEMENT IN PROCESS AUTOMATION,N,CI IS ASSOCIATED WITH A WORKLOAD REDUCTION,N
C979,CI HELPS DEPLOY MORE OFTEN,CI IS RELATED TO POSITIVE IMPACTS ON RELEASE CYCLE,SOFTWARE PROCESS,CI IS RELATED TO POSITIVE IMPACTS ON RELEASE CYCLE,Y,CI IS RELATED TO POSITIVE IMPACTS ON RELEASE CYCLE,Y,__INVALID__,N
C980,CI MAKES INTEGRATION EASIER,CI IS ASSOCIATED WITH A POSITIVE IMPACT ON INTEGRATION PRACTICE,INTEGRATION PATTERNS,CI IS ASSOCIATED WITH A POSITIVE IMPACT ON INTEGRATION PRACTICE,Y,CI IS ASSOCIATED WITH A POSITIVE IMPACT ON INTEGRATION PRACTICE,Y,CI IS ASSOCIATED WITH A POSITIVE IMPACT ON INTEGRATION PRACTICE,Y
C981,CI HELP TO TEST IN A REAL-WORLD ENVIRONMENT,CI IS ASSOCIATED TO MULTI-ENVIRONMENT TESTS,QUALITY ASSURANCE,CI IS ASSOCIATED TO MULTI-ENVIRONMENT TESTS,Y,CI IS ASSOCIATED TO MULTI-ENVIRONMENT TESTS,Y,CI IS RELATED TO POSITIVE IMPACTS ON TEST PRACTICE,N
C982,CI CAUSE LESS TIME DEBUGGING,CI IS RELATED TO PRODUCTIVITY AND EFFICIENCY INCREASING,DEVELOPMENT ACTIVITIES,CI IS ASSOCIATED WITH A DECREASE IN TIME TO LEAD DEFECTS,N,CI IS ASSOCIATED WITH DEFECTS REDUCTION,N,CI IS ASSOCIATED WITH A DECREASE IN TIME TO LEAD DEFECTS,N
C983,HELPS TO REJECT PROBLEMATIC PR,CI IS RELATED TO POSITIVE IMPACTS ON PULL REQUESTS LIFE-CYCLE,INTEGRATION PATTERNS,CI IS RELATED TO POSITIVE IMPACTS ON PULL REQUESTS LIFE-CYCLE,Y,CI IS RELATED TO POSITIVE IMPACTS ON PULL REQUESTS LIFE-CYCLE,Y,CI IS RELATED TO POSITIVE IMPACTS ON PULL REQUESTS LIFE-CYCLE,Y
C984,MORE QUICK PATCH AND RELEASING DELIVERIES,CI IS RELATED TO POSITIVE IMPACTS ON RELEASE CYCLE,SOFTWARE PROCESS,CI IS RELATED TO POSITIVE IMPACTS ON RELEASE CYCLE,Y,CI IS RELATED TO POSITIVE IMPACTS ON RELEASE CYCLE,Y,CI IS RELATED TO POSITIVE IMPACTS ON RELEASE CYCLE,Y
C985,DECREASES BUILD BREAKAGE,CI IS ASSOCIATED WITH BUILD HEALTH,BUILD PATTERNS,CI IS ASSOCIATED WITH BUILD HEALTH,Y,CI IS ASSOCIATED WITH BUILD HEALTH,Y,CI IS ASSOCIATED WITH DEFECTS REDUCTION,N
C986,SHORTEN THE BUILD TIME,CI IS ASSOCIATED WITH A DECREASING IN BUILD TIME,BUILD PATTERNS,CI IS ASSOCIATED WITH A DECREASING IN BUILD TIME,Y,CI IS ASSOCIATED WITH A DECREASING IN BUILD TIME,Y,CI IS ASSOCIATED WITH A DECREASING IN BUILD TIME,Y
C987,SHORTEN THE INTEGRATION TIME,CI IS ASSOCIATED WITH A POSITIVE IMPACT ON INTEGRATION PRACTICE,INTEGRATION PATTERNS,CI IS ASSOCIATED WITH A POSITIVE IMPACT ON INTEGRATION PRACTICE,Y,CI IS RELATED TO POSITIVE IMPACTS ON RELEASE CYCLE,N,CI IS RELATED TO POSITIVE IMPACTS ON RELEASE CYCLE,N
C988,INCREASES THE NUMBER OF AUTOMATED TESTS,CI IS RELATED TO POSITIVE IMPACTS ON TEST PRACTICE,QUALITY ASSURANCE,CI IS RELATED TO POSITIVE IMPACTS ON TEST PRACTICE,Y,CI IS RELATED TO POSITIVE IMPACTS ON TEST PRACTICE,Y,__INVALID__,N
C990,CI IS A DOMINANT FACTOR OF PULL REQUEST LATENCY.,CI IS RELATED TO POSITIVE IMPACTS ON PULL REQUESTS LIFE-CYCLE,INTEGRATION PATTERNS,CI IS RELATED TO POSITIVE IMPACTS ON PULL REQUESTS LIFE-CYCLE,Y,CI IS RELATED TO POSITIVE IMPACTS ON PULL REQUESTS LIFE-CYCLE,Y,CI IS RELATED TO POSITIVE IMPACTS ON PULL REQUESTS LIFE-CYCLE,Y
C992,CI  SPEED UP DEVELOPMENT PRACTICE,CI IS RELATED TO PRODUCTIVITY AND EFFICIENCY INCREASING,DEVELOPMENT ACTIVITIES,CI IS RELATED TO PRODUCTIVITY AND EFFICIENCY INCREASING,Y,CI IS RELATED TO PRODUCTIVITY AND EFFICIENCY INCREASING,Y,CI IS RELATED TO PRODUCTIVITY AND EFFICIENCY INCREASING,Y
C993,IMPROVE SOFTWARE QUALITY,CI IS RELATED TO AN INCREASE QUALITY ASSESSMENT,QUALITY ASSURANCE,CI IS RELATED TO AN INCREASE QUALITY ASSESSMENT,Y,CI IS RELATED TO AN INCREASE QUALITY ASSESSMENT,Y,__INVALID__,N
C994,CI SUPPORTS THE TEAM TO CATCH PROBLEMS AS EARLY AS POSSIBLE.,CI IS ASSOCIATED WITH A DECREASE IN TIME TO LEAD DEFECTS,ISSUES AND DEFECTS,CI IS ASSOCIATED WITH A FEED BACK FREQUENCY INCREASE,N,CI IS ASSOCIATED WITH DEFECTS REDUCTION,N,__INVALID__,N
C995,ENFORCE AUTOMATED SOFTWARE TESTING,CI IS RELATED TO POSITIVE IMPACTS ON TEST PRACTICE,QUALITY ASSURANCE,CI IS RELATED TO POSITIVE IMPACTS ON TEST PRACTICE,Y,CI IS RELATED TO POSITIVE IMPACTS ON TEST PRACTICE,Y,__INVALID__,N
C996,ENABLE  CROSS-PLATFORM TESTING,CI IS ASSOCIATED TO MULTI-ENVIRONMENT TESTS,QUALITY ASSURANCE,CI IS ASSOCIATED TO MULTI-ENVIRONMENT TESTS,Y,CI IS ASSOCIATED TO MULTI-ENVIRONMENT TESTS,Y,CI IS ASSOCIATED TO MULTI-ENVIRONMENT TESTS,Y
C998,IMPROVE COMMUNICATION,CI IS ASSOCIATED WITH AN INCREASE IN COOPERATION,SOFTWARE PROCESS,CI IS ASSOCIATED WITH AN INCREASE IN COOPERATION,Y,CI IS ASSOCIATED WITH AN INCREASE IN COOPERATION,Y,__INVALID__,N
C999,CI REDUCES MANUAL WORK,CI IS ASSOCIATED WITH AN IMPROVEMENT IN PROCESS AUTOMATION,SOFTWARE PROCESS,CI IS ASSOCIATED WITH A WORKLOAD REDUCTION,N,CI IS RELATED TO PRODUCTIVITY AND EFFICIENCY INCREASING,N,CI IS ASSOCIATED WITH A WORKLOAD REDUCTION,N
